{
  "agent_name": "DQN",
  "training_time": 455.1157100200653,
  "episode_rewards": [
    -36.630000000000145,
    -21.25555555555554,
    -27.399999999999984,
    -25.599999999999984,
    -18.36999999999996,
    -16.539999999999964,
    -17.619999999999962,
    -26.69999999999999,
    -23.299999999999994,
    -25.99999999999998,
    -17.259999999999962,
    -16.669999999999963,
    -28.599999999999987,
    -18.06999999999996,
    -19.76999999999996,
    -27.099999999999977,
    -27.09999999999998,
    -23.099999999999998,
    -19.249999999999975,
    -19.64999999999997,
    -24.019999999999992,
    -25.899999999999988,
    -17.4318181818182,
    -18.40999999999996,
    -28.69999999999998,
    -18.55999999999996,
    -17.389999999999965,
    -21.069999999999972,
    -27.799999999999976,
    -17.429999999999964,
    -26.099999999999984,
    -22.499999999999993,
    -8.29,
    -17.02999999999996,
    -16.75999999999997,
    -17.889999999999965,
    -30.79999999999996,
    -16.278947368421044,
    -6.484999999999988,
    -20.56999999999995,
    7.032631578947329,
    -44.640000000000065,
    -12.19842105263157,
    -3.669999999999993,
    -27.940000000000097,
    -19.089999999999954,
    -16.629999999999967,
    -19.079999999999963,
    -23.960000000000022,
    -2.535555555555519,
    -20.499999999999957,
    -11.720526315789462,
    -10.399999999999963,
    -20.34999999999996,
    -8.719999999999974,
    -39.260000000000105,
    -10.299999999999947,
    -9.219999999999995,
    -13.905789473684223,
    -18.679999999999957,
    -20.479999999999958,
    -21.849999999999966,
    -21.039999999999964,
    -28.599999999999977,
    -19.999999999999957,
    -21.74999999999997,
    -20.89999999999995,
    -12.962631578947358,
    -19.189999999999955,
    -19.319999999999954,
    -2.3611111111110956,
    -8.264999999999961,
    -32.8,
    -23.75000000000002,
    -26.77999999999998,
    -19.249999999999957,
    -8.425263157894726,
    -36.89999999999998,
    -23.469999999999978,
    -23.561111111111096,
    -20.589999999999964,
    -18.109999999999957,
    -32.599999999999966,
    -21.005263157894714,
    -36.299999999999976,
    -20.719047619047604,
    -21.339999999999982,
    -21.749999999999964,
    -16.124999999999986,
    -18.849999999999994,
    -13.34789473684208,
    0.29684210526316335,
    -27.00000000000005,
    -27.59999999999998,
    0.7850000000000268,
    -26.970000000000063,
    -1.7185714285714129,
    -10.09210526315787,
    0.4919047619047916,
    -27.230000000000032
  ],
  "episode_lengths": [
    200,
    154,
    136,
    126,
    200,
    200,
    200,
    157,
    119,
    146,
    200,
    200,
    176,
    200,
    200,
    157,
    161,
    121,
    184,
    200,
    200,
    141,
    165,
    200,
    169,
    200,
    200,
    200,
    168,
    200,
    151,
    115,
    200,
    200,
    200,
    200,
    198,
    157,
    200,
    200,
    200,
    200,
    200,
    200,
    200,
    200,
    200,
    200,
    200,
    200,
    200,
    200,
    200,
    200,
    200,
    200,
    200,
    179,
    200,
    200,
    200,
    200,
    200,
    164,
    200,
    200,
    200,
    200,
    200,
    200,
    200,
    200,
    138,
    200,
    200,
    200,
    200,
    191,
    200,
    185,
    200,
    200,
    192,
    174,
    169,
    185,
    200,
    200,
    187,
    177,
    200,
    200,
    200,
    134,
    200,
    200,
    200,
    200,
    200,
    200
  ],
  "episode_success_rates": [
    0.0,
    0.0,
    0.0,
    0.0,
    0.0,
    0.0,
    0.0,
    0.0,
    0.0,
    0.0,
    0.0,
    0.0,
    0.0,
    0.0,
    0.0,
    0.0,
    0.0,
    0.0,
    0.0,
    0.0,
    0.0,
    0.0,
    0.0,
    0.0,
    0.0,
    0.0,
    0.0,
    0.0,
    0.0,
    0.0,
    0.0,
    0.0,
    0.0,
    0.0,
    0.0,
    0.0,
    0.0,
    0.0,
    0.0,
    0.0,
    0.0,
    0.0,
    0.0,
    0.0,
    0.0,
    0.0,
    0.0,
    0.0,
    0.0,
    0.0,
    0.0,
    0.0,
    0.0,
    0.0,
    0.0,
    0.0,
    0.0,
    0.0,
    0.0,
    0.0,
    0.0,
    0.0,
    0.0,
    0.0,
    0.0,
    0.0,
    0.0,
    0.0,
    0.0,
    0.0,
    0.0,
    0.0,
    0.0,
    0.0,
    0.0,
    0.0,
    0.0,
    0.0,
    0.0,
    0.0,
    0.0,
    0.0,
    0.0,
    0.0,
    0.0,
    0.0,
    0.0,
    0.0,
    0.0,
    0.0,
    0.0,
    0.0,
    0.0,
    0.0,
    0.0,
    0.0,
    0.0,
    0.0,
    0.0,
    0.0
  ],
  "loss_history": [
    0.03574118644726523,
    0.2509188559057505,
    1.4676004610955715,
    1.7811757569304771,
    2.4540900846454314,
    1.3116287127835675,
    1.0572916914429515,
    1.3560508928813373,
    1.0225980712390434,
    0.7011995704953036,
    1.2612662654696032,
    1.8684893429884688,
    1.749536746983226,
    1.8696837815642358,
    0.8085616825870239,
    1.2729057312919314,
    1.196306411489289,
    1.838834042014354,
    1.3289275566703114,
    1.4131368445651606,
    1.27907485880889,
    1.3596443272598668,
    1.3677813599789233,
    1.4771818066667766,
    1.4922198179844746,
    1.912354946550913,
    1.5116332005942241,
    0.7290735536860302,
    0.9357579429523044,
    1.2623427605326287,
    0.8500422793348005,
    1.132254954840502,
    1.216204296434298,
    1.3222383814537897,
    1.4584612165531143,
    1.3097726826462894,
    0.7384203020201037,
    0.8305703942207204,
    1.2877259718673304,
    1.194192092930898,
    1.0274051136989146,
    1.058108352944255,
    0.8833230805955827,
    0.9990132943540811,
    1.2681631786189973,
    0.9216177912522108,
    1.1256244965502993,
    0.7352652892656625,
    1.1763616967853159,
    1.0057958133332432,
    1.3103837882820517,
    1.339712383011356,
    0.9945555702690035,
    1.5976399956364185,
    1.2565118494164198,
    1.0008722012396902,
    1.1219260826334356,
    0.7143597984998669,
    0.9970278806239367,
    0.7714455287344754,
    0.6583202451188117,
    0.5983724229224027,
    0.9097095581935719,
    0.6692556457412315,
    0.7251704113278538,
    0.550562890204601,
    0.8401729546952993,
    0.6361592421494424,
    1.048028204627335,
    0.5945517112361267,
    0.6566613136325031,
    0.5337228827178478,
    0.5142108694096839,
    0.48340746521018446,
    0.5075462643615901,
    0.43972150078974664,
    0.7386788677424192,
    0.6329390201766375,
    0.6262687307409942,
    0.7408788206810887,
    0.3967480230145156,
    0.5428381414525211,
    0.5952034944202751,
    0.7510031145494217,
    0.5066620299052558,
    1.0744100914210886,
    0.86687206460163,
    0.5603446410922334,
    0.5373819521105385,
    0.38565955808817665,
    0.858150859316811,
    0.8713539521675557,
    0.5693884476879612,
    0.7678854528453145,
    0.7952705116569996,
    0.8924295839108527,
    0.896646031877026,
    0.8378676693607122,
    0.6644455265346915,
    0.9376281139813364
  ],