{
  "agent_name": "PPO",
  "training_time": 113.80022382736206,
  "episode_rewards": [
    -13.968181818181828,
    -19.79368421052636,
    -23.254999999999995,
    -44.7700000000001,
    -46.05,
    8.546315789473656,
    10.908947368421035,
    -19.385000000000034,
    -22.669523809523795,
    -32.92000000000001,
    -16.476470588235276,
    -9.26888888888887,
    -49.1894736842105,
    -34.205000000000005,
    -59.80000000000004,
    -32.90000000000007,
    8.520000000000003,
    -8.036842105263197,
    -39.29684210526315,
    -3.4549999999999854,
    -42.50500000000001,
    -16.239999999999995,
    -40.7,
    -28.319999999999997,
    -17.70500000000002,
    -40.95000000000012,
    -17.767142857142836,
    -42.44500000000005,
    -43.800000000000075,
    -35.706842105263135,
    -20.915000000000006,
    -8.768421052631595,
    -39.983333333333334,
    -32.64444444444443,
    -15.736666666666665,
    -25.31052631578949,
    -12.08499999999999,
    -36.60500000000005,
    -12.842857142857133,
    -14.635294117647039,
    -46.360000000000056,
    -41.605263157894754,
    -36.71000000000001,
    -49.80000000000004,
    -32.91111111111109,
    -31.773684210526323,
    -24.373684210526328,
    -22.147368421052636,
    -34.48095238095235,
    -35.965,
    -17.534545454545473,
    -2.6149999999999665,
    -29.800000000000043,
    -28.310000000000002,
    -10.384210526315822,
    -18.71,
    -16.845000000000002,
    -41.40000000000003,
    -20.144999999999996,
    -46.40000000000005,
    -29.029999999999994,
    -41.919999999999995,
    -19.573684210526338,
    -2.875789473684224,
    -39.37777777777778,
    -48.70000000000007,
    -10.09,
    -26.647368421052626,
    -8.290476190476149,
    -23.60555555555555,
    -28.780952380952364,
    -16.838888888888874,
    -12.659999999999993,
    -15.221052631578972,
    -31.538095238095217,
    -26.9578947368421,
    -33.490000000000016,
    -15.552631578947368,
    -32.9257894736842,
    -9.01578947368415,
    -22.310000000000016,
    -36.47619047619045,
    -16.58842105263158,
    -35.523809523809504,
    -6.065000000000005,
    -30.460000000000008,
    -22.05315789473685,
    -25.054999999999996,
    -21.805000000000017,
    -31.96,
    -20.775,
    -33.44500000000001,
    -25.11999999999999,
    -31.370000000000054,
    -42.70000000000003,
    -51.0000000000001,
    -17.254545454545465,
    -20.131111111111096,
    -0.9052631578947015,
    -33.28000000000007
  ],
  "episode_lengths": [
    188,
    200,
    163,
    200,
    200,
    200,
    200,
    200,
    200,
    160,
    167,
    200,
    188,
    200,
    196,
    200,
    200,
    173,
    200,
    200,
    180,
    200,
    149,
    179,
    197,
    200,
    200,
    189,
    160,
    200,
    180,
    172,
    180,
    150,
    200,
    194,
    162,
    162,
    161,
    200,
    183,
    183,
    166,
    168,
    194,
    184,
    163,
    168,
    167,
    176,
    200,
    170,
    200,
    197,
    157,
    184,
    200,
    156,
    155,
    174,
    152,
    185,
    181,
    200,
    180,
    185,
    200,
    175,
    163,
    168,
    155,
    151,
    182,
    148,
    162,
    145,
    161,
    191,
    172,
    199,
    200,
    173,
    183,
    170,
    170,
    170,
    200,
    178,
    180,
    164,
    155,
    173,
    161,
    200,
    173,
    192,
    178,
    200,
    173,
    199
  ],
  "episode_success_rates": [
    0.0,
    0.0,
    0.0,
    0.0,
    0.0,
    0.0,
    0.0,
    0.0,
    0.0,
    0.0,
    0.0,
    0.0,
    0.0,
    0.0,
    0.0,
    0.0,
    0.0,
    0.0,
    0.0,
    0.0,
    0.0,
    0.0,
    0.0,
    0.0,
    0.0,
    0.0,
    0.0,
    0.0,
    0.0,
    0.0,
    0.0,
    0.0,
    0.0,
    0.0,
    0.0,
    0.0,
    0.0,
    0.0,
    0.0,
    0.0,
    0.0,
    0.0,
    0.0,
    0.0,
    0.0,
    0.0,
    0.0,
    0.0,
    0.0,
    0.0,
    0.0,
    0.0,
    0.0,
    0.0,
    0.0,
    0.0,
    0.0,
    0.0,
    0.0,
    0.0,
    0.0,
    0.0,
    0.0,
    0.0,
    0.0,
    0.0,
    0.0,
    0.0,
    0.0,
    0.0,
    0.0,
    0.0,
    0.0,
    0.0,
    0.0,
    0.0,
    0.0,
    0.0,
    0.0,
    0.0,
    0.0,
    0.0,
    0.0,
    0.0,
    0.0,
    0.0,
    0.0,
    0.0,
    0.0,
    0.0,
    0.0,
    0.0,
    0.0,
    0.0,
    0.0,
    0.0,
    0.0,
    0.0,
    0.0,
    0.0
  ],
  "loss_history": [
    0.0,
    0.0,
    0.0,
    0.0,
    0.0,
    0.0,
    0.0,
    0.0,
    0.0,
    6.213043689727783,
    0.0,
    0.0,
    0.0,
    0.0,
    0.0,
    0.0,
    0.0,
    0.0,
    0.0,
    5.521097469329834,
    0.0,
    0.0,
    0.0,
    0.0,
    0.0,
    0.0,
    0.0,
    0.0,
    0.0,
    4.903810048103333,
    0.0,
    0.0,
    0.0,
    0.0,
    0.0,
    0.0,
    0.0,
    0.0,
    0.0,
    8.357427072525024,
    0.0,
    0.0,
    0.0,
    0.0,
    0.0,
    0.0,
    0.0,
    0.0,
    0.0,
    4.519503593444824,
    0.0,
    0.0,
    0.0,
    0.0,
    0.0,
    0.0,
    0.0,
    0.0,
    0.0,
    4.113229775428772,
    0.0,
    0.0,
    0.0,
    0.0,
    0.0,
    0.0,
    0.0,
    0.0,
    0.0,
    5.613631319999695,
    0.0,
    0.0,
    0.0,
    0.0,
    0.0,
    0.0,
    0.0,
    0.0,
    0.0,
    5.837228870391845,
    0.0,
    0.0,
    0.0,
    0.0,
    0.0,
    0.0,
    0.0,
    0.0,
    0.0,
    3.9514795303344727,
    0.0,
    0.0,
    0.0,
    0.0,
    0.0,
    0.0,
    0.0,
    0.0,
    0.0,
    3.966218876838684
  ],
  "epsilon_history": [],
  "eval_rewards": [
    -42.89166666666669,
    -24.192884635832016,
    -20.384999999999984,
    -24.673578947368405,
    -20.38969360902254
  ],
  "eval_success_rates": [
    0.0,
    0.0,
    0.0,
    0.0,
    0.0
  ],
  "eval_efficiency": [
    200.0,
    199.8,
    200.0,
    187.2,
    184.25
  ]
}