{
  "agent_name": "REINFORCE",
  "training_time": 226.4271993637085,
  "episode_rewards": [
    -38.79473684210525,
    -42.434999999999995,
    -40.76315789473682,
    -24.126315789473693,
    -20.80999999999999,
    -34.4904761904762,
    -46.20000000000006,
    -41.000000000000014,
    -30.332631578947343,
    -36.023809523809504,
    -22.031111111111176,
    -15.85789473684214,
    -41.69999999999999,
    -29.05157894736841,
    2.384210526315771,
    -52.90000000000006,
    -52.41999999999997,
    -24.10499999999999,
    -52.29523809523813,
    -35.553636363636365,
    -22.3310526315789,
    -6.700000000000024,
    -2.633684210526342,
    -31.90476190476192,
    -59.80000000000004,
    -41.51263157894738,
    -31.716666666666633,
    -43.031111111111166,
    -46.18999999999999,
    -54.11380952380945,
    -43.358947368421056,
    -36.97842105263157,
    -45.585882352941155,
    -45.16888888888886,
    -51.81105263157897,
    -68.74000000000004,
    -52.008947368421005,
    -59.814999999999955,
    -61.830000000000034,
    -69.46000000000002,
    -45.09894736842101,
    -29.76315789473685,
    -54.71999999999993,
    -57.53499999999991,
    -56.384444444444455,
    -64.70909090909073,
    -67.14000000000004,
    -50.26789473684205,
    -67.12000000000009,
    -60.530000000000065,
    -41.49499999999995,
    -69.92000000000004,
    -41.349999999999966,
    -58.21000000000008,
    -38.02999999999996,
    -64.64000000000003,
    -39.94761904761904,
    -68.40000000000008,
    -71.02000000000007,
    -30.226190476190403,
    -62.57000000000007,
    -50.68714285714277,
    -42.21499999999998,
    -34.43545454545457,
    -60.67000000000007,
    -3.021818181818211,
    -53.364736842105266,
    -51.58000000000006,
    -59.73000000000007,
    -56.66000000000005,
    -62.44000000000005,
    -48.63000000000011,
    -39.11499999999992,
    -55.02000000000007,
    -47.910000000000096,
    -48.14000000000012,
    -46.98000000000009,
    -46.64571428571419,
    -35.588421052631546,
    -33.522105263157854,
    -34.44476190476186,
    -29.76952380952376,
    -38.305714285714224,
    -36.52000000000009,
    -19.704210526315784,
    -41.7200000000001,
    -40.266842105263095,
    -27.919999999999966,
    -43.05000000000009,
    -17.459999999999994,
    -40.4300000000001,
    -37.24000000000011,
    -10.805555555555527,
    -20.037894736842098,
    -37.07000000000009,
    -40.4400000000001,
    -36.404999999999966,
    -45.730000000000075,
    -40.38000000000011,
    -26.386315789473628
  ],
  "episode_lengths": [
    174,
    188,
    189,
    172,
    155,
    157,
    156,
    148,
    200,
    174,
    200,
    183,
    175,
    200,
    200,
    175,
    198,
    200,
    199,
    200,
    200,
    187,
    200,
    200,
    188,
    200,
    200,
    200,
    200,
    200,
    200,
    200,
    200,
    200,
    200,
    200,
    200,
    200,
    200,
    200,
    200,
    200,
    200,
    200,
    200,
    200,
    200,
    200,
    200,
    200,
    200,
    200,
    200,
    200,
    200,
    200,
    200,
    200,
    200,
    200,
    200,
    200,
    200,
    200,
    200,
    200,
    200,
    200,
    200,
    200,
    200,
    200,
    200,
    200,
    200,
    200,
    200,
    200,
    200,
    200,
    200,
    200,
    200,
    200,
    200,
    200,
    200,
    200,
    200,
    200,
    200,
    200,
    200,
    200,
    200,
    200,
    200,
    200,
    200,
    200
  ],
  "episode_success_rates": [
    0.0,
    0.0,
    0.0,
    0.0,
    0.0,
    0.0,
    0.0,
    0.0,
    0.0,
    0.0,
    0.0,
    0.0,
    0.0,
    0.0,
    0.0,
    0.0,
    0.0,
    0.0,
    0.0,
    0.0,
    0.0,
    0.0,
    0.0,
    0.0,
    0.0,
    0.0,
    0.0,
    0.0,
    0.0,
    0.0,
    0.0,
    0.0,
    0.0,
    0.0,
    0.0,
    0.0,
    0.0,
    0.0,
    0.0,
    0.0,
    0.0,
    0.0,
    0.0,
    0.0,
    0.0,
    0.0,
    0.0,
    0.0,
    0.0,
    0.0,
    0.0,
    0.0,
    0.0,
    0.0,
    0.0,
    0.0,
    0.0,
    0.0,
    0.0,
    0.0,
    0.0,
    0.0,
    0.0,
    0.0,
    0.0,
    0.0,
    0.0,
    0.0,
    0.0,
    0.0,
    0.0,
    0.0,
    0.0,
    0.0,
    0.0,
    0.0,
    0.0,
    0.0,
    0.0,
    0.0,
    0.0,
    0.0,
    0.0,
    0.0,
    0.0,
    0.0,
    0.0,
    0.0,
    0.0,
    0.0,
    0.0,
    0.0,
    0.0,
    0.0,
    0.0,
    0.0,
    0.0,
    0.0,
    0.0,
    0.0
  ],
  "loss_history": [
    0.9214010089635849,
    0.9525678604841232,
    0.9684035871177912,
    0.976062748581171,
    1.0235346220433712,
    1.0659552440047264,
    1.0248469188809395,
    0.9650660082697868,
    1.0447739735245705,
    0.9583035465329885,
    0.9464781731367111,
    0.9331862553954124,
    0.9491908978670835,
    0.96630834415555,
    0.9957948178052902,
    0.9612425530649489,
    1.0802521333098412,
    1.0209459215402603,
    1.0786399953067303,
    0.9728503674268723,
    1.0516248010098934,
    0.969978891313076,
    1.007784454151988,
    1.0526209846138954,
    0.9279110878705978,
    0.8784663379192352,
    1.0173229947686195,
    0.9397740885615349,
    1.0138960108160973,
    1.0023322897031903,
    1.0588322877883911,
    0.9897394040599465,
    0.9040408283472061,
    1.0348023734986782,
    1.0301372883841395,
    1.0251588989049196,
    1.08336241543293,
    1.0212718145921826,
    1.0318450778722763,
    1.0140630337409675,
    1.0315255299210548,
    1.066754661500454,
    1.0500875003635883,
    0.9988371105864644,
    0.964071486145258,
    0.9982196623459458,
    0.9777021482586861,
    0.9398925602436066,
    0.9475652556866407,
    0.9459339901804924,
    0.9645244013518095,
    0.963267182931304,
    1.0016421973705292,
    1.001094289124012,
    1.0607372522354126,
    1.0323776602745056,
    1.0380619131028652,
    0.9624812062829733,
    0.9346527624875307,
    0.9668759666383266,
    0.9567389014409855,
    0.989027988165617,
    0.9297608509659767,
    0.938500415533781,
    0.8760151043534279,
    1.0126111768186092,
    0.9535152148455381,
    0.9702889546751976,
    0.9567473419010639,
    1.017313800752163,
    0.8995450288057327,
    0.967931728810072,
    0.9595981687307358,
    0.9730517193675041,
    0.9372636172920465,
    0.8477815054357052,
    0.8326684013009071,
    0.8729265630245209,
    0.9040681272745132,
    1.053801603615284,
    1.1128682494163513,
    1.0397288352251053,
    0.9274948132224381,
    0.766154944896698,
    1.0100631341338158,
    0.7457158472388983,
    0.9114805646240711,
    1.3825961351394653,
    1.0567017495632172,
    1.1920076459646225,
    0.827296344563365,
    0.6912399902939796,
    1.0332556813955307,
    0.8776608072221279,
    0.7384394928812981,
    0.8249904774129391,
    0.8534441236406565,
    0.8971952795982361,
    0.8913341984152794,
    1.1834656298160553
  ],
  "epsilon_history": [],
  "eval_rewards": [
    -100.99742857142851,
    -95.79409523809521,
    -64.15505263157897,
    -30.38200000000005,
    -31.126722222222288
  ],
  "eval_success_rates": [
    0.0,
    0.0,
    0.0,
    0.0,
    0.0
  ],
  "eval_efficiency": [
    200.0,
    200.0,
    200.0,
    200.0,
    200.0
  ]
}